{"statusCode": 200, "body": "{\"message\": \"baseline-image\", \"record_info\": {}, \"payload_size\": 71, \"serialize_time_ms\": 0.0134149995574262, \"processing_time_ms\": 0.00040099985199049115, \"total_handler_time_ms\": 0.01381599940941669}"}